gene,pvalue,statistic,significance
CLDN7,6.000921656696636e-11,-6.5768748233902965,****
CLDN4,0.019658475632804796,-2.334580093450985,*
TFF3,0.007547346630044134,-2.67556526254124,**
LIPF,0.011868982226289088,-3.3182479236072377,*
MUC5AC,0.023398739196521093,-2.271148784756969,*
GKN1,0.07512292645601003,-2.1380357227827407,ns
PGC,8.38600673528274e-12,-7.097809980166761,****
